purpose_group,vuln_group,dist_m,w
compras_tramites,alta,197.64663267116393,1.48210391383712
compras_tramites,alta,445.8448101375214,1.48210391383712
compras_tramites,media,988.4881310143537,1.48210391383712
compras_tramites,alta,430.6814923485365,1.48210391383712
compras_tramites,alta,1534.767624155608,1.48210391383712
social_recreacion,todas,216.0364575171573,1.48210391383712
compras_tramites,alta,119.26539880268082,1.48210391383712
social_recreacion,todas,309.5109044928789,1.48210391383712
compras_tramites,alta,1553.8037453621878,1.48210391383712
social_recreacion,todas,405.64348956318776,1.48210391383712
social_recreacion,todas,405.64348956318776,1.48210391383712
compras_tramites,alta,971.1444646853847,1.48210391383712
social_recreacion,todas,2068.0440697465956,1.48210391383712
compras_tramites,baja,250.62125932370543,1.48210391383712
compras_tramites,media,165.27628384012027,1.48210391383712
compras_tramites,baja,162.09148470558995,1.48210391383712
compras_tramites,alta,1172.029436490398,1.48210391383712
compras_tramites,alta,1193.3040266419953,1.48210391383712
compras_tramites,media,77.33571296626158,1.48210391383712
compras_tramites,alta,2715.588133380364,1.48210391383712
compras_tramites,alta,720.7657826760109,1.48210391383712
compras_tramites,alta,50.288891976757654,1.48210391383712
social_recreacion,todas,1584.9588519895399,1.48210391383712
salud,todas,633.6824051723387,1.48210391383712
compras_tramites,alta,619.090929590769,1.48210391383712
compras_tramites,media,442.27798102550844,1.48210391383712
compras_tramites,baja,457.6029938713251,1.48210391383712
compras_tramites,baja,581.1729527228212,1.48210391383712
compras_tramites,baja,581.1729527228212,1.48210391383712
social_recreacion,todas,1754.1446555675645,1.48210391383712
salud,todas,455.3060279653263,1.48210391383712
compras_tramites,baja,776.4229779089488,1.48210391383712
compras_tramites,alta,79.11868063232602,1.48210391383712
social_recreacion,todas,167.51832922101391,1.48210391383712
compras_tramites,alta,125.04986895859787,1.48210391383712
compras_tramites,alta,125.04986895859787,1.48210391383712
compras_tramites,media,300.7926053051338,1.48210391383712
compras_tramites,media,198.9340735645857,1.48210391383712
compras_tramites,media,514.2866883865092,1.48210391383712
compras_tramites,alta,355.02632494823536,1.48210391383712
compras_tramites,baja,1034.5728780704926,1.48210391383712
social_recreacion,todas,670.9047791275972,1.48210391383712
compras_tramites,alta,277.3942383622315,1.48210391383712
compras_tramites,alta,444.51353765239816,1.48210391383712
compras_tramites,media,89.04056747488754,1.48210391383712
compras_tramites,media,134.5253228949851,1.48210391383712
compras_tramites,media,1019.3733258914824,1.48210391383712
compras_tramites,alta,227.85296279892873,1.48210391383712
compras_tramites,media,85.03124425762567,1.48210391383712
compras_tramites,media,637.4433989885396,1.48210391383712
social_recreacion,todas,285.36703510840647,1.14387994007037
compras_tramites,media,735.3748220508029,1.48210391383712
compras_tramites,media,1317.3736716000515,1.48210391383712
compras_tramites,media,1317.3736716000515,1.48210391383712
salud,todas,947.5325321138386,1.14387994007037
salud,todas,948.7610799954131,1.14387994007037
compras_tramites,alta,63.270755302608016,1.48210391383712
compras_tramites,media,411.54880031299143,1.48210391383712
compras_tramites,media,411.54880031299143,1.48210391383712
compras_tramites,media,131.27965438806578,1.48210391383712
compras_tramites,media,391.1377834280396,1.48210391383712
compras_tramites,alta,424.0352388529313,1.48210391383712
social_recreacion,todas,740.195289370481,1.48210391383712
salud,todas,224.8573940439807,1.48210391383712
social_recreacion,todas,552.5847158256031,1.48210391383712
compras_tramites,alta,209.50238662125068,1.48210391383712
social_recreacion,todas,1431.2672924719548,1.48210391383712
compras_tramites,alta,405.45321020317806,1.48210391383712
compras_tramites,alta,1606.9612931418883,1.48210391383712
compras_tramites,alta,1606.9612931418883,1.48210391383712
social_recreacion,todas,498.6602372623694,1.14387994007037
salud,todas,566.7508822225158,1.48210391383712
salud,todas,502.59800136546755,1.48210391383712
compras_tramites,alta,376.10187205604615,1.14387994007037
salud,todas,287.9927994569699,1.48210391383712
compras_tramites,media,252.13020569737375,1.48210391383712
compras_tramites,media,381.12572257228976,1.48210391383712
compras_tramites,alta,369.28858972353856,1.48210391383712
compras_tramites,media,1503.0513576684805,1.48210391383712
compras_tramites,media,161.53812678822916,1.48210391383712
compras_tramites,media,161.53812678822916,1.48210391383712
compras_tramites,media,438.51037014711807,1.48210391383712
compras_tramites,media,715.3097019659125,1.48210391383712
compras_tramites,alta,336.34007999948875,1.48210391383712
compras_tramites,media,656.9081104880652,1.48210391383712
compras_tramites,media,248.84425232273801,1.48210391383712
compras_tramites,alta,318.2253418005274,1.48210391383712
compras_tramites,media,466.1031311912097,1.48210391383712
salud,todas,1205.3925725282406,1.48210391383712
compras_tramites,media,848.6459458491804,1.48210391383712
compras_tramites,media,1149.148931002853,1.48210391383712
social_recreacion,todas,480.5834995086702,1.48210391383712
salud,todas,1005.8262481195497,1.48210391383712
compras_tramites,alta,1086.9067100211787,1.14387994007037
social_recreacion,todas,874.9614684596473,1.48210391383712
compras_tramites,alta,418.57645657633446,1.48210391383712
compras_tramites,alta,418.57645657633446,1.48210391383712
compras_tramites,alta,387.10320410066356,1.48210391383712
compras_tramites,media,303.05544466163695,1.48210391383712
compras_tramites,media,383.74902280005875,1.48210391383712
compras_tramites,media,283.93000898108676,1.48210391383712
compras_tramites,media,437.00087600026615,1.48210391383712
compras_tramites,alta,508.71967911027633,1.48210391383712
compras_tramites,media,285.99005664533166,1.48210391383712
compras_tramites,media,813.9636630259133,1.48210391383712
compras_tramites,baja,162.6788468933884,1.48210391383712
compras_tramites,baja,797.4116746739102,1.48210391383712
compras_tramites,media,1282.1316250316306,1.48210391383712
salud,todas,1011.6741660060627,1.48210391383712
compras_tramites,baja,425.0192470366048,1.48210391383712
compras_tramites,alta,37.46875,1.48210391383712
compras_tramites,media,350.2955016504815,1.48210391383712
compras_tramites,baja,72.60950781405973,1.48210391383712
compras_tramites,baja,221.74323772454144,1.48210391383712
compras_tramites,media,632.2730602012472,1.48210391383712
compras_tramites,baja,1216.4468145130977,1.48210391383712
compras_tramites,baja,280.39938731432704,1.48210391383712
compras_tramites,baja,526.3970483760927,1.48210391383712
compras_tramites,baja,424.4552391006618,1.48210391383712
compras_tramites,baja,423.6381501075682,1.48210391383712
compras_tramites,media,1687.8812211176362,1.48210391383712
compras_tramites,media,214.9309482136065,1.48210391383712
compras_tramites,media,564.4911978941744,1.48210391383712
compras_tramites,baja,622.4630393457611,1.14387994007037
compras_tramites,baja,657.4229287350438,1.48210391383712
compras_tramites,alta,1820.0082377153028,1.48210391383712
social_recreacion,todas,107.25786684434853,1.48210391383712
compras_tramites,media,376.40627075549963,1.48210391383712
compras_tramites,alta,984.3231459556677,1.48210391383712
compras_tramites,media,476.20428032679683,1.48210391383712
compras_tramites,media,1604.4714910602183,1.48210391383712
compras_tramites,baja,373.36953879501203,1.48210391383712
compras_tramites,baja,752.5494228215596,1.48210391383712
compras_tramites,baja,326.2134617949572,1.48210391383712
compras_tramites,baja,1196.6903072249938,1.48210391383712
social_recreacion,todas,143.55595939062405,1.14387994007037
social_recreacion,todas,143.55595939062405,1.48210391383712
compras_tramites,baja,115.28932693987765,1.48210391383712
compras_tramites,baja,312.5729477358045,1.48210391383712
compras_tramites,baja,370.93302966977745,1.48210391383712
compras_tramites,baja,386.1216665848344,1.48210391383712
compras_tramites,baja,384.53553685135853,1.48210391383712
social_recreacion,todas,431.5874449705992,1.48210391383712
compras_tramites,baja,432.38822729297624,1.48210391383712
compras_tramites,media,627.0681812261327,1.48210391383712
compras_tramites,baja,509.388849504973,1.48210391383712
social_recreacion,todas,660.3002579615296,1.48210391383712
compras_tramites,baja,232.0486209827587,1.48210391383712
compras_tramites,baja,74.6395766751795,1.48210391383712
compras_tramites,baja,74.6395766751795,1.48210391383712
compras_tramites,media,473.586021464488,1.48210391383712
compras_tramites,media,467.90692517315875,1.48210391383712
compras_tramites,alta,631.9885809144419,1.48210391383712
salud,todas,1665.292659151838,1.48210391383712
compras_tramites,alta,2444.3838662025983,1.48210391383712
compras_tramites,media,1141.8705840260807,1.48210391383712
compras_tramites,media,341.5150298669152,1.48210391383712
social_recreacion,todas,2214.932067242695,1.14387994007037
social_recreacion,todas,2153.225240999316,1.48210391383712
compras_tramites,media,621.0887617724217,1.48210391383712
compras_tramites,alta,94.45784856881932,1.48210391383712
compras_tramites,alta,94.45784856881932,1.48210391383712
compras_tramites,media,168.56494482839545,1.48210391383712
compras_tramites,media,649.8390373115965,1.48210391383712
compras_tramites,media,372.3764804120455,1.48210391383712
compras_tramites,media,143.43362263277916,1.48210391383712
compras_tramites,baja,173.74429228484746,1.48210391383712
social_recreacion,todas,196.16208221774156,1.48210391383712
social_recreacion,todas,196.57298511383118,1.48210391383712
social_recreacion,todas,1474.1825995832614,1.48210391383712
compras_tramites,media,435.90625,1.48210391383712
compras_tramites,media,1431.9640907601568,1.48210391383712
compras_tramites,media,1041.0254264313444,1.48210391383712
compras_tramites,alta,165.81692888921202,1.48210391383712
compras_tramites,alta,292.3142856611057,1.48210391383712
compras_tramites,media,843.3196964091154,1.48210391383712
compras_tramites,alta,1297.149687777012,1.48210391383712
compras_tramites,baja,565.76105062672,1.48210391383712
compras_tramites,alta,137.4522679935202,1.48210391383712
social_recreacion,todas,464.746168329081,1.48210391383712
compras_tramites,alta,128.488360519786,1.48210391383712
social_recreacion,todas,395.8304474949628,1.48210391383712
social_recreacion,todas,167.64491166226907,1.48210391383712
compras_tramites,baja,1149.200517360466,1.48210391383712
compras_tramites,baja,425.436247840452,1.48210391383712
compras_tramites,baja,259.6998267230843,1.48210391383712
social_recreacion,todas,425.436247840452,1.48210391383712
compras_tramites,alta,1045.2217398004896,1.48210391383712
social_recreacion,todas,254.31015950323828,1.48210391383712
social_recreacion,todas,1986.4616079165896,1.14387994007037
compras_tramites,baja,50.16621785686559,1.48210391383712
compras_tramites,baja,650.7013523883288,1.48210391383712
compras_tramites,baja,517.6987852280151,1.48210391383712
compras_tramites,baja,820.30643092993,1.48210391383712
compras_tramites,baja,568.0351353913439,1.48210391383712
compras_tramites,baja,638.4365493446177,1.48210391383712
compras_tramites,baja,755.0505991167496,1.48210391383712
compras_tramites,baja,755.0505991167496,1.48210391383712
compras_tramites,baja,755.0505991167496,1.48210391383712
compras_tramites,baja,755.0505991167496,1.48210391383712
compras_tramites,baja,2699.104897924495,1.48210391383712
salud,todas,1193.269455388875,1.48210391383712
compras_tramites,alta,592.1398768779743,1.48210391383712
social_recreacion,todas,838.9447240432471,1.48210391383712
compras_tramites,baja,859.2130483762453,1.48210391383712
compras_tramites,baja,733.1130280618825,1.48210391383712
salud,todas,1893.9062809380412,1.14387994007037
compras_tramites,baja,597.1438211721381,1.48210391383712
compras_tramites,baja,530.2674084026497,1.14387994007037
compras_tramites,baja,113.07077429645558,1.48210391383712
compras_tramites,baja,191.9385074053667,1.48210391383712
compras_tramites,baja,191.9385074053667,1.48210391383712
compras_tramites,baja,180.6298442256982,1.48210391383712
social_recreacion,todas,649.9440480726014,1.14387994007037
compras_tramites,baja,1586.5359720551564,1.14387994007037
compras_tramites,baja,345.71071637145195,1.48210391383712
social_recreacion,todas,830.9734337848894,1.14387994007037
compras_tramites,baja,184.69303344079466,1.48210391383712
compras_tramites,baja,311.0595693176188,1.48210391383712
compras_tramites,baja,1296.4773611026003,1.48210391383712
compras_tramites,baja,926.4073099378319,1.48210391383712
social_recreacion,todas,516.4987937122893,1.14387994007037
compras_tramites,media,1373.456520061702,1.48210391383712
compras_tramites,baja,1134.3923556695727,1.48210391383712
compras_tramites,baja,715.7228863184409,1.48210391383712
social_recreacion,todas,392.05793302975326,1.48210391383712
social_recreacion,todas,554.223479328567,1.48210391383712
compras_tramites,baja,700.5694175376645,1.48210391383712
salud,todas,1672.0678264969547,1.48210391383712
compras_tramites,baja,204.28213677717883,1.48210391383712
compras_tramites,baja,532.9317498517047,1.48210391383712
compras_tramites,baja,1280.6854609934478,1.48210391383712
compras_tramites,media,776.5509386714838,1.48210391383712
compras_tramites,media,96.62104313534655,1.48210391383712
compras_tramites,baja,1444.2212464816678,1.48210391383712
salud,todas,646.2115075577036,1.48210391383712
compras_tramites,alta,732.706093687341,1.48210391383712
social_recreacion,todas,76.02631123499285,1.48210391383712
social_recreacion,todas,77.15244649393821,1.48210391383712
salud,todas,382.13024535367845,1.48210391383712
compras_tramites,baja,290.66303514551004,1.48210391383712
salud,todas,1295.181346270306,1.48210391383712
compras_tramites,alta,1467.7904954306532,1.48210391383712
compras_tramites,alta,1825.513074549608,1.48210391383712
compras_tramites,media,671.872547233895,1.48210391383712
compras_tramites,media,1215.6365266966366,1.48210391383712
salud,todas,887.9259106769903,1.14387994007037
compras_tramites,baja,1072.2373371724016,1.48210391383712
social_recreacion,todas,212.65789170931325,1.48210391383712
compras_tramites,baja,539.8799056271681,1.48210391383712
compras_tramites,baja,539.8799056271681,1.48210391383712
compras_tramites,media,608.5172585114165,1.48210391383712
compras_tramites,baja,294.1568459172759,1.48210391383712
compras_tramites,baja,334.8689634114365,1.48210391383712
salud,todas,156.15735065651728,1.48210391383712
compras_tramites,media,634.0792537214886,1.48210391383712
social_recreacion,todas,842.8177650929351,1.48210391383712
compras_tramites,baja,1242.104163871231,1.48210391383712
compras_tramites,media,423.0532447004307,1.48210391383712
social_recreacion,todas,432.04566205617954,1.48210391383712
compras_tramites,baja,491.11128070841795,1.48210391383712
compras_tramites,baja,491.11128070841795,1.48210391383712
compras_tramites,media,761.2986084901656,1.48210391383712
compras_tramites,media,761.2986084901656,1.48210391383712
compras_tramites,baja,1464.6658298615635,1.48210391383712
compras_tramites,alta,554.8365688777754,1.48210391383712
compras_tramites,baja,1568.7000988079271,1.48210391383712
salud,todas,374.200987313302,1.48210391383712
compras_tramites,baja,706.3735075911062,1.48210391383712
social_recreacion,todas,240.681894653633,1.48210391383712
social_recreacion,todas,506.8373377268712,1.48210391383712
salud,todas,1450.4414468102461,1.14387994007037
compras_tramites,baja,740.5576189021773,1.48210391383712
compras_tramites,baja,643.6755327074736,1.48210391383712
compras_tramites,media,2173.6001478052635,1.48210391383712
compras_tramites,baja,114.44321736127485,1.48210391383712
salud,todas,469.9167988607797,1.48210391383712
compras_tramites,alta,467.19664393225526,1.48210391383712
salud,todas,653.6908680535184,1.48210391383712
compras_tramites,baja,50.648769497022336,1.48210391383712
compras_tramites,media,190.69611634499142,1.48210391383712
compras_tramites,media,405.22892955903643,1.48210391383712
salud,todas,707.3559924111762,1.14387994007037
compras_tramites,alta,1306.0497846709607,1.48210391383712
salud,todas,779.4975971138397,1.48210391383712
social_recreacion,todas,259.1139970680135,1.48210391383712
compras_tramites,alta,779.2465568028276,1.48210391383712
compras_tramites,alta,779.2465568028276,1.48210391383712
compras_tramites,alta,529.1492001095367,1.48210391383712
social_recreacion,todas,86.83317338436964,1.48210391383712
compras_tramites,baja,271.08704962901214,1.48210391383712
compras_tramites,baja,96.53110331002128,1.48210391383712
compras_tramites,media,571.8485922864548,1.48210391383712
social_recreacion,todas,374.2396458153519,1.48210391383712
compras_tramites,baja,248.38887889003806,1.48210391383712
compras_tramites,baja,438.83540835374714,1.48210391383712
compras_tramites,media,1636.4526421500868,1.48210391383712
salud,todas,905.5133433799099,1.14387994007037
salud,todas,450.5382989148231,1.48210391383712
social_recreacion,todas,802.0900846577334,1.48210391383712
compras_tramites,media,160.2981627360791,1.48210391383712
compras_tramites,media,139.34189979709083,1.48210391383712
compras_tramites,baja,274.616614858333,1.48210391383712
social_recreacion,todas,793.129211597368,1.48210391383712
compras_tramites,alta,176.9190123024162,1.48210391383712
compras_tramites,media,663.2778695438002,1.48210391383712
compras_tramites,media,137.49232933149398,1.48210391383712
compras_tramites,media,1015.8119486593287,1.48210391383712
compras_tramites,media,1015.8119486593287,1.48210391383712
compras_tramites,media,1353.7607920997573,1.48210391383712
compras_tramites,alta,1294.2822395540318,1.48210391383712
compras_tramites,alta,1294.2822395540318,1.48210391383712
compras_tramites,baja,495.5284781485823,1.48210391383712
compras_tramites,baja,252.22670853817206,1.48210391383712
compras_tramites,media,192.43954255574008,1.48210391383712
compras_tramites,media,2351.4785825973545,1.48210391383712
compras_tramites,media,742.8644754638965,1.48210391383712
compras_tramites,baja,10.141238906686894,1.48210391383712
salud,todas,1015.9612750986132,1.48210391383712
compras_tramites,media,1123.2755572605781,1.48210391383712
compras_tramites,media,75.18272013069226,1.48210391383712
compras_tramites,alta,1351.9191888437942,1.48210391383712
social_recreacion,todas,847.3169194074095,1.48210391383712
social_recreacion,todas,847.3169194074095,1.14387994007037
compras_tramites,media,922.8324963969626,1.48210391383712
compras_tramites,baja,972.8146507565367,1.48210391383712
compras_tramites,media,165.894430027239,1.48210391383712
compras_tramites,alta,457.21088990919986,1.48210391383712
compras_tramites,media,289.768934077223,1.48210391383712
compras_tramites,media,289.768934077223,1.48210391383712
social_recreacion,todas,1804.4284770824943,1.48210391383712
compras_tramites,media,1735.4290997203689,1.48210391383712
compras_tramites,baja,558.6282314532291,1.48210391383712
compras_tramites,alta,748.2621558693517,1.48210391383712
social_recreacion,todas,583.4494885284093,1.48210391383712
compras_tramites,media,489.3762621711054,1.48210391383712
compras_tramites,baja,650.149889568744,1.48210391383712
compras_tramites,media,650.8935714894179,1.48210391383712
salud,todas,477.3232421944929,1.14387994007037
compras_tramites,media,2455.7965389309024,1.48210391383712
compras_tramites,baja,2012.4227013493587,1.48210391383712
compras_tramites,baja,201.25427984579608,1.48210391383712
social_recreacion,todas,788.7904110091603,1.48210391383712
social_recreacion,todas,692.7409328168792,1.48210391383712
social_recreacion,todas,75.9325937201048,1.14387994007037
compras_tramites,media,843.169948764779,1.48210391383712
compras_tramites,media,843.169948764779,1.48210391383712
compras_tramites,baja,467.16786748047,1.48210391383712
compras_tramites,baja,1140.2860048477148,1.48210391383712
compras_tramites,baja,340.4563243487518,1.48210391383712
social_recreacion,todas,966.0662912562277,1.48210391383712
compras_tramites,baja,1509.7022885324113,1.48210391383712
compras_tramites,baja,982.3808059258703,1.48210391383712
compras_tramites,baja,1509.7022885324113,1.48210391383712
compras_tramites,baja,982.3808059258703,1.48210391383712
compras_tramites,baja,860.1035638950696,1.48210391383712
compras_tramites,baja,201.30528161538635,1.48210391383712
compras_tramites,baja,935.6853651410086,1.48210391383712
compras_tramites,baja,1045.9749115657603,1.48210391383712
compras_tramites,baja,1000.5809015891718,1.48210391383712
compras_tramites,baja,823.8494344387208,1.48210391383712
compras_tramites,baja,633.3117351717478,1.48210391383712
compras_tramites,baja,457.87314977956777,1.48210391383712
compras_tramites,media,565.2692398110502,1.48210391383712
compras_tramites,media,555.7611132843522,1.48210391383712
compras_tramites,baja,303.68995194780894,1.48210391383712
compras_tramites,baja,292.2341272956497,1.48210391383712
compras_tramites,baja,246.56509821191239,1.48210391383712
salud,todas,1549.9827620009198,1.48210391383712
compras_tramites,alta,346.6740690565852,1.48210391383712
compras_tramites,baja,505.31890070157675,1.48210391383712
compras_tramites,media,723.9540630119859,1.48210391383712
social_recreacion,todas,1266.8457203233402,1.48210391383712
social_recreacion,todas,835.3885908104384,1.48210391383712
compras_tramites,media,913.3804405074386,1.48210391383712
compras_tramites,media,1151.32282614391,1.48210391383712
compras_tramites,media,1151.32282614391,1.48210391383712
social_recreacion,todas,1618.6820210750357,1.48210391383712
social_recreacion,todas,1250.0808864454532,1.48210391383712
compras_tramites,baja,363.8374156667542,1.48210391383712
social_recreacion,todas,724.5191461680378,1.48210391383712
social_recreacion,todas,750.5601924822969,1.48210391383712
compras_tramites,media,703.478317479695,1.48210391383712
social_recreacion,todas,443.15481652155154,1.48210391383712
compras_tramites,alta,298.59186616360216,1.48210391383712
salud,todas,701.928777575804,1.48210391383712
compras_tramites,media,1747.513487966545,1.48210391383712
compras_tramites,media,1747.5447354900712,1.48210391383712
compras_tramites,alta,289.92515871557265,1.48210391383712
social_recreacion,todas,185.01533139597512,1.48210391383712
social_recreacion,todas,182.9193197534435,1.48210391383712
compras_tramites,media,253.72379790827662,1.48210391383712
salud,todas,587.9549435330908,1.48210391383712
salud,todas,1299.4741785141405,1.48210391383712
compras_tramites,media,173.36514256404024,1.48210391383712
compras_tramites,alta,195.19758619473245,1.48210391383712
compras_tramites,baja,497.46684876984517,1.48210391383712
compras_tramites,media,1962.5197135255896,1.48210391383712
compras_tramites,alta,488.2602015463297,1.48210391383712
compras_tramites,alta,481.3079114912433,1.48210391383712
compras_tramites,alta,979.3943166769259,1.48210391383712
compras_tramites,media,1322.6946985699308,1.48210391383712
compras_tramites,alta,138.07132724157466,1.48210391383712
compras_tramites,media,1186.4564427845635,1.48210391383712
compras_tramites,media,973.2252517403152,1.48210391383712
salud,todas,1137.3174239637597,1.14387994007037
compras_tramites,media,753.0977692172511,1.48210391383712
compras_tramites,media,753.0977692172511,1.48210391383712
compras_tramites,alta,1187.9269117484669,1.48210391383712
social_recreacion,todas,676.0665647700675,1.48210391383712
compras_tramites,baja,170.62185207718852,1.48210391383712
compras_tramites,baja,907.4456616824227,1.48210391383712
salud,todas,776.8684841088372,1.48210391383712
compras_tramites,baja,596.6111360478029,1.48210391383712
compras_tramites,media,263.98771870107896,1.48210391383712
compras_tramites,media,1814.4222934005916,1.48210391383712
compras_tramites,media,588.2299720347477,1.48210391383712
compras_tramites,baja,106.77914195314551,1.48210391383712
compras_tramites,baja,1134.479609932044,1.48210391383712
compras_tramites,alta,472.47702593783595,1.48210391383712
compras_tramites,baja,398.161361418411,1.48210391383712
compras_tramites,media,265.57720158176227,1.48210391383712
compras_tramites,baja,1583.0282913735505,1.48210391383712
compras_tramites,alta,151.29333379750247,1.48210391383712
compras_tramites,baja,1113.6801329271177,1.48210391383712
compras_tramites,baja,1290.8578607273391,1.48210391383712
compras_tramites,alta,130.85589640898877,1.48210391383712
compras_tramites,baja,1095.3433126907062,1.48210391383712
compras_tramites,baja,359.39283787251867,1.48210391383712
social_recreacion,todas,598.837705606661,1.48210391383712
compras_tramites,media,752.1759710375292,1.48210391383712
compras_tramites,media,340.22800833595403,1.48210391383712
compras_tramites,baja,544.7515354283662,1.48210391383712
compras_tramites,baja,762.9485521082418,1.48210391383712
compras_tramites,baja,851.2062603483658,1.48210391383712
compras_tramites,baja,851.2062603483658,1.48210391383712
compras_tramites,baja,173.0293056825924,1.48210391383712
social_recreacion,todas,1575.6186362549988,1.48210391383712
compras_tramites,alta,1703.664252072298,1.48210391383712
compras_tramites,baja,1542.6809510075511,1.48210391383712
social_recreacion,todas,1542.6809510075511,1.48210391383712
compras_tramites,baja,646.8413525367425,1.48210391383712
social_recreacion,todas,677.2919537577573,1.48210391383712
compras_tramites,baja,620.7528978234818,1.14387994007037
compras_tramites,baja,613.811707692188,1.14387994007037
compras_tramites,baja,183.82566734969984,1.48210391383712
social_recreacion,todas,511.14522535797005,1.48210391383712
compras_tramites,baja,726.2908934538988,1.48210391383712
compras_tramites,media,549.2665786428868,1.48210391383712
compras_tramites,baja,622.6050872957612,1.48210391383712
compras_tramites,baja,1252.698166474695,1.48210391383712
compras_tramites,baja,620.9710263973674,1.48210391383712
social_recreacion,todas,528.8538840398759,1.48210391383712
compras_tramites,alta,487.86564812968743,1.48210391383712
compras_tramites,baja,378.66153179860044,1.48210391383712
social_recreacion,todas,726.8273583108045,1.48210391383712
compras_tramites,baja,723.8691180040768,1.48210391383712
compras_tramites,baja,154.70425729941144,1.48210391383712
compras_tramites,baja,533.6828421230746,1.48210391383712
compras_tramites,baja,1066.1873630671405,1.48210391383712
compras_tramites,baja,1090.3551618194183,1.48210391383712
compras_tramites,baja,105.35245903632246,1.48210391383712
compras_tramites,baja,105.35245903632246,1.48210391383712
compras_tramites,baja,271.86728616930446,1.48210391383712
compras_tramites,baja,105.35245903632246,1.48210391383712
compras_tramites,baja,648.7449007807787,1.48210391383712
compras_tramites,baja,138.3211983256724,1.48210391383712
compras_tramites,baja,358.0422461107069,1.48210391383712
compras_tramites,baja,222.76949970765747,1.48210391383712
compras_tramites,baja,222.76949970765747,1.48210391383712
compras_tramites,alta,380.61819703485344,1.48210391383712
social_recreacion,todas,341.8812513710901,1.48210391383712
compras_tramites,alta,288.133025918585,1.48210391383712
salud,todas,417.65418185982526,1.14387994007037
compras_tramites,baja,1301.1815844166408,1.48210391383712
compras_tramites,baja,1372.2949770024848,1.48210391383712
compras_tramites,baja,759.3665225864253,1.48210391383712
compras_tramites,alta,321.49017195563306,1.48210391383712
compras_tramites,baja,281.5700696124546,1.48210391383712
compras_tramites,baja,1665.0363080805664,1.48210391383712
salud,todas,907.5060455204967,1.48210391383712
compras_tramites,baja,479.52111528065166,1.48210391383712
compras_tramites,baja,907.5060455204967,1.48210391383712
compras_tramites,baja,266.0496018132709,1.48210391383712
compras_tramites,baja,658.2163880340283,1.48210391383712
compras_tramites,baja,101.00039159113443,1.48210391383712
compras_tramites,baja,135.04727181620515,1.48210391383712
social_recreacion,todas,688.5384883940766,1.48210391383712
social_recreacion,todas,688.993803973637,1.48210391383712
social_recreacion,todas,1128.3398773890117,1.14387994007037
social_recreacion,todas,1128.5597089217576,1.48210391383712
compras_tramites,baja,844.9092499345713,1.48210391383712
compras_tramites,baja,381.3765414996706,1.48210391383712
compras_tramites,alta,983.6724894019604,1.48210391383712
compras_tramites,alta,281.3008582488907,1.48210391383712
compras_tramites,baja,833.8918006289845,1.48210391383712
social_recreacion,todas,317.41480771421175,1.48210391383712
compras_tramites,media,213.15042232907373,1.48210391383712
compras_tramites,alta,722.8078523413052,1.48210391383712
social_recreacion,todas,1288.4406094584112,1.48210391383712
compras_tramites,baja,632.9464827297802,1.48210391383712
compras_tramites,alta,175.28409974952092,1.48210391383712
compras_tramites,media,942.4035614619938,1.48210391383712
social_recreacion,todas,1086.73224021102,1.14387994007037
social_recreacion,todas,1088.5309880357393,1.48210391383712
compras_tramites,media,994.7439845138861,1.48210391383712
compras_tramites,media,317.3166932089494,1.48210391383712
compras_tramites,alta,1486.5907360809035,1.48210391383712
compras_tramites,alta,496.667708332241,1.48210391383712
compras_tramites,baja,496.65973324299205,1.48210391383712
compras_tramites,media,1695.699190058208,1.48210391383712
salud,todas,821.7888031082332,1.14387994007037
compras_tramites,baja,990.0973772343052,1.48210391383712
social_recreacion,todas,599.7771794917363,1.48210391383712
compras_tramites,baja,1963.632205499941,1.48210391383712
compras_tramites,baja,2300.4665092446467,1.48210391383712
compras_tramites,media,123.7301120382585,1.48210391383712
compras_tramites,media,2616.655239160291,1.48210391383712
compras_tramites,baja,863.7266057115888,1.48210391383712
compras_tramites,baja,152.28368687769054,1.48210391383712
compras_tramites,media,815.0775293837083,1.48210391383712
compras_tramites,alta,1404.182470392025,1.14387994007037
compras_tramites,alta,301.157149850788,1.48210391383712
social_recreacion,todas,521.287042486251,1.14387994007037
social_recreacion,todas,522.9999785268279,1.48210391383712
salud,todas,843.5050223064768,1.48210391383712
compras_tramites,alta,608.9398646738957,1.48210391383712
compras_tramites,alta,608.9398646738957,1.48210391383712
compras_tramites,media,751.964531894,1.48210391383712
compras_tramites,media,751.964531894,1.48210391383712
compras_tramites,media,751.964531894,1.48210391383712
compras_tramites,baja,203.06380809058516,1.48210391383712
social_recreacion,todas,372.39480477713437,1.48210391383712
compras_tramites,media,1002.438527280632,1.48210391383712
compras_tramites,alta,656.7246378810529,1.48210391383712
compras_tramites,media,326.58076055405115,1.48210391383712
social_recreacion,todas,1158.771608482448,1.48210391383712
compras_tramites,alta,452.26012396248524,1.48210391383712
compras_tramites,alta,205.46547763553858,1.48210391383712
compras_tramites,media,155.87941052300653,1.48210391383712
compras_tramites,media,309.0344084806739,1.48210391383712
social_recreacion,todas,1693.456049215627,1.48210391383712
compras_tramites,alta,1683.9753842400912,1.48210391383712
compras_tramites,alta,460.5881949763395,1.48210391383712
compras_tramites,media,310.6029685974725,1.48210391383712
compras_tramites,alta,149.85860849167958,1.48210391383712
social_recreacion,todas,281.38341974297276,1.48210391383712
social_recreacion,todas,799.4378591391578,1.48210391383712
salud,todas,578.9936885720344,1.48210391383712
compras_tramites,media,1755.1137897695016,1.48210391383712
compras_tramites,media,433.14129208175245,1.48210391383712
compras_tramites,baja,362.943053599666,1.48210391383712
compras_tramites,alta,893.9472733551249,1.48210391383712
compras_tramites,media,561.3481679180934,1.14387994007037
compras_tramites,alta,108.96451992076366,1.48210391383712
compras_tramites,alta,108.97693635008281,1.48210391383712
compras_tramites,alta,400.3389494092006,1.48210391383712
compras_tramites,alta,872.3866061701085,1.48210391383712
compras_tramites,alta,578.2536419375692,1.48210391383712
compras_tramites,alta,578.2536419375692,1.48210391383712
social_recreacion,todas,701.8485977057748,1.48210391383712
social_recreacion,todas,431.2531883940106,1.48210391383712
compras_tramites,alta,266.27648232441123,1.48210391383712
compras_tramites,alta,93.19431669400501,1.48210391383712
compras_tramites,alta,330.4790689878294,1.48210391383712
compras_tramites,alta,535.0591088842428,1.48210391383712
social_recreacion,todas,415.6594828270642,1.48210391383712
social_recreacion,todas,255.19995415666222,1.48210391383712
compras_tramites,baja,60.04594594974751,1.48210391383712
compras_tramites,alta,103.90863249148263,1.48210391383712
compras_tramites,media,278.6759991459616,1.48210391383712
compras_tramites,media,392.658745764054,1.48210391383712
compras_tramites,alta,313.08236361419335,1.48210391383712
compras_tramites,baja,119.77296230785979,1.48210391383712
compras_tramites,alta,393.02416358801975,1.48210391383712
compras_tramites,media,375.590744330265,1.48210391383712
compras_tramites,baja,106.46713107809377,1.48210391383712
compras_tramites,baja,106.46713107809377,1.48210391383712
compras_tramites,alta,405.43239962299816,1.48210391383712
compras_tramites,media,394.7179570592146,1.48210391383712
compras_tramites,media,1146.8193532140317,1.48210391383712
compras_tramites,alta,404.1039772311855,1.48210391383712
compras_tramites,media,619.0516941257814,1.48210391383712
compras_tramites,alta,558.7955666892522,1.48210391383712
social_recreacion,todas,2318.1527501119426,1.48210391383712
compras_tramites,media,56.88423688729594,1.48210391383712
salud,todas,426.076875582623,1.48210391383712
compras_tramites,media,48.616895613176496,1.48210391383712
salud,todas,268.307588252853,1.48210391383712
compras_tramites,alta,396.7903256129111,1.48210391383712
compras_tramites,alta,899.107007066595,1.48210391383712
compras_tramites,baja,668.2532917345507,1.48210391383712
salud,todas,1254.9090122021796,1.14387994007037
compras_tramites,alta,1203.3754061655334,1.48210391383712
salud,todas,1396.1348486535962,1.48210391383712
social_recreacion,todas,630.5066941803632,1.48210391383712
compras_tramites,media,1001.4653214360758,1.48210391383712
compras_tramites,alta,1528.095403598872,1.48210391383712
compras_tramites,alta,1556.7799075861888,1.48210391383712
compras_tramites,alta,726.6197914240036,1.48210391383712
compras_tramites,alta,693.0762106645001,1.48210391383712
social_recreacion,todas,1166.4078286158106,1.14387994007037
social_recreacion,todas,1166.4078286158106,1.48210391383712
social_recreacion,todas,733.886955516013,1.48210391383712
compras_tramites,media,1188.1415803847042,1.48210391383712
compras_tramites,media,388.2823868192614,1.48210391383712
salud,todas,623.993953577727,1.14387994007037
compras_tramites,media,320.4104850129752,1.48210391383712
compras_tramites,media,585.5711021088729,1.48210391383712
compras_tramites,baja,2728.064990927922,1.48210391383712
social_recreacion,todas,1844.7703278457186,1.48210391383712
compras_tramites,baja,2887.666333311219,1.48210391383712
compras_tramites,media,186.2098215891149,1.48210391383712
salud,todas,84.5,1.48210391383712
compras_tramites,baja,420.83558180608077,1.48210391383712
compras_tramites,alta,2105.0864518414824,1.48210391383712
social_recreacion,todas,869.7984147068576,1.48210391383712
compras_tramites,alta,515.1063916576483,1.48210391383712
social_recreacion,todas,516.9662111555865,1.14387994007037
social_recreacion,todas,517.5011813090382,1.48210391383712
compras_tramites,media,1270.9777977997885,1.48210391383712
compras_tramites,alta,663.8399075466633,1.48210391383712
social_recreacion,todas,2100.725032020195,1.48210391383712
compras_tramites,media,169.05990062696713,1.48210391383712
compras_tramites,media,169.05990062696713,1.48210391383712
compras_tramites,media,548.7007176403749,1.48210391383712
compras_tramites,alta,399.4920651981088,1.48210391383712
compras_tramites,media,1614.9786424671381,1.48210391383712
compras_tramites,alta,634.8041036414305,1.48210391383712
social_recreacion,todas,1112.9141434203268,1.48210391383712
compras_tramites,baja,1096.2053800960668,1.48210391383712
compras_tramites,baja,1096.2053800960668,1.48210391383712
compras_tramites,media,299.36668177379056,1.48210391383712
compras_tramites,media,299.78283969660856,1.48210391383712
social_recreacion,todas,1175.051585054487,1.48210391383712
compras_tramites,media,1090.7036719476102,1.48210391383712
social_recreacion,todas,452.01578028316663,1.48210391383712
compras_tramites,alta,188.4124283694218,1.48210391383712
compras_tramites,baja,723.74790856779,1.48210391383712
compras_tramites,alta,359.9336961511106,1.48210391383712
compras_tramites,media,850.112108875206,1.48210391383712
compras_tramites,media,1151.2031274388548,1.48210391383712
compras_tramites,media,359.49489440263613,1.48210391383712
compras_tramites,media,674.1406458236756,1.48210391383712
compras_tramites,media,922.2918808471441,1.48210391383712
compras_tramites,alta,996.7080037436052,1.48210391383712
compras_tramites,media,135.646959627741,1.48210391383712
compras_tramites,media,182.5522185567735,1.48210391383712
social_recreacion,todas,1084.5175194527749,1.48210391383712
compras_tramites,media,534.537416838148,1.48210391383712
compras_tramites,baja,529.6365360806999,1.48210391383712
compras_tramites,media,365.6947169109263,1.48210391383712
compras_tramites,alta,1211.1283837455312,1.48210391383712
salud,todas,325.7277489042805,1.48210391383712
compras_tramites,baja,226.6038755322821,1.48210391383712
compras_tramites,baja,93.63589410083347,1.48210391383712
compras_tramites,baja,1097.8353292530944,1.48210391383712
compras_tramites,baja,1097.8353292530944,1.48210391383712
compras_tramites,baja,473.5269923668555,1.14387994007037
compras_tramites,baja,623.4156238329791,1.48210391383712
compras_tramites,baja,228.9042022092703,1.48210391383712
compras_tramites,baja,310.1613507137253,1.48210391383712
compras_tramites,baja,245.6178752147327,1.48210391383712
compras_tramites,baja,285.71601394566596,1.48210391383712
social_recreacion,todas,273.1074150517521,1.48210391383712
social_recreacion,todas,785.3873254494005,1.48210391383712
social_recreacion,todas,319.6129877117989,1.48210391383712
compras_tramites,baja,459.94244820853675,1.48210391383712
compras_tramites,media,634.7528092937046,1.48210391383712
compras_tramites,alta,116.65082528238923,1.48210391383712
compras_tramites,baja,706.7520892257766,1.48210391383712
compras_tramites,baja,750.4034234007481,1.48210391383712
social_recreacion,todas,843.557941683061,1.48210391383712
compras_tramites,baja,515.8884478499203,1.48210391383712
compras_tramites,baja,489.991426104835,1.48210391383712
compras_tramites,baja,97.31603237005709,1.48210391383712
compras_tramites,media,345.70000457631255,1.48210391383712
compras_tramites,media,296.16651150841227,1.48210391383712
compras_tramites,alta,882.7510642339946,1.48210391383712
compras_tramites,alta,752.9921978347452,1.48210391383712
compras_tramites,alta,193.0327879572859,1.48210391383712
compras_tramites,alta,1362.6609996620582,1.48210391383712
social_recreacion,todas,127.63266688528451,1.48210391383712
salud,todas,689.2847636148375,1.48210391383712
compras_tramites,alta,74.1104604732861,1.48210391383712
compras_tramites,alta,74.50635066262808,1.48210391383712
compras_tramites,alta,270.7715989336077,1.48210391383712
compras_tramites,alta,202.11901129424342,1.48210391383712
compras_tramites,alta,108.9834464566179,1.48210391383712
compras_tramites,alta,5.75,1.48210391383712
compras_tramites,alta,349.2987967543869,1.48210391383712
compras_tramites,alta,148.14827085136702,1.48210391383712
compras_tramites,alta,148.14827085136702,1.48210391383712
compras_tramites,alta,148.14827085136702,1.48210391383712
compras_tramites,media,337.64398693603664,1.48210391383712
compras_tramites,media,773.4779313927208,1.48210391383712
compras_tramites,media,517.3393177853028,1.48210391383712
compras_tramites,baja,1151.6823987785217,1.48210391383712
compras_tramites,baja,988.968216773958,1.48210391383712
salud,todas,526.6071985850198,1.48210391383712
compras_tramites,media,777.5060389636855,1.48210391383712
compras_tramites,media,413.62253040211675,1.48210391383712
compras_tramites,media,838.6182925652171,1.48210391383712
compras_tramites,alta,1468.9420622429473,1.48210391383712
compras_tramites,media,662.6568800103112,1.48210391383712
compras_tramites,baja,553.0400367302195,1.48210391383712
compras_tramites,media,292.8084978381775,1.48210391383712
social_recreacion,todas,604.6197160005307,1.48210391383712
compras_tramites,alta,1324.7901956536364,1.48210391383712
compras_tramites,alta,176.82584343429554,1.48210391383712
compras_tramites,alta,304.41019432050894,1.48210391383712
compras_tramites,alta,440.1475083441488,1.48210391383712
compras_tramites,media,122.6165939078496,1.48210391383712
compras_tramites,media,696.5470255403167,1.48210391383712
compras_tramites,alta,619.9892671702067,1.48210391383712
compras_tramites,baja,471.8424160935513,1.48210391383712
salud,todas,654.6718643717629,1.48210391383712
social_recreacion,todas,1063.2299422778922,1.48210391383712
compras_tramites,media,1582.1765121581725,1.48210391383712
compras_tramites,baja,635.9371160932502,1.48210391383712
compras_tramites,media,925.2355633330627,1.48210391383712
compras_tramites,media,203.14732809973776,1.48210391383712
compras_tramites,baja,1164.2068723390885,1.48210391383712
compras_tramites,media,950.0028474463905,1.48210391383712
compras_tramites,alta,567.6834264414014,1.48210391383712
social_recreacion,todas,591.9791231340532,1.48210391383712
compras_tramites,alta,679.8338491866965,1.48210391383712
compras_tramites,alta,679.8338491866965,1.48210391383712
compras_tramites,media,1056.9496467022743,1.14387994007037
compras_tramites,media,637.9736789547532,1.48210391383712
compras_tramites,alta,1076.8157358184594,1.48210391383712
compras_tramites,alta,94.39827941361008,1.48210391383712
social_recreacion,todas,2346.0365854257793,1.48210391383712
compras_tramites,media,683.8500733724918,1.48210391383712
social_recreacion,todas,683.8500733724918,1.48210391383712
compras_tramites,alta,521.4712360236181,1.48210391383712
compras_tramites,baja,920.0760546221505,1.48210391383712
compras_tramites,media,1234.9486831443644,1.48210391383712
compras_tramites,media,547.4130933093969,1.48210391383712
compras_tramites,media,86.08573578851492,1.48210391383712
compras_tramites,media,1412.447216934141,1.48210391383712
compras_tramites,media,419.3350577104185,1.48210391383712
compras_tramites,media,528.2247723803287,1.48210391383712
compras_tramites,baja,1099.6506942725323,1.48210391383712
compras_tramites,baja,250.66474123817255,1.48210391383712
compras_tramites,alta,271.4807845985605,1.48210391383712
compras_tramites,alta,424.43109096361275,1.48210391383712
compras_tramites,media,586.2726882936494,1.48210391383712
salud,todas,476.2578247388698,1.48210391383712
salud,todas,480.823268597725,1.48210391383712
compras_tramites,baja,636.3683775252056,1.48210391383712
compras_tramites,alta,467.532351821775,1.48210391383712
compras_tramites,media,940.3126646103212,1.48210391383712
compras_tramites,alta,223.60304400670063,1.48210391383712
compras_tramites,media,624.4704037472472,1.48210391383712
compras_tramites,media,1477.087138607287,1.48210391383712
compras_tramites,media,402.7890957611222,1.48210391383712
compras_tramites,media,311.49398224775143,1.48210391383712
compras_tramites,alta,701.2879285921457,1.48210391383712
compras_tramites,media,1969.648705839207,1.48210391383712
compras_tramites,media,397.5470294506047,1.48210391383712
compras_tramites,media,230.22114241325121,1.48210391383712
compras_tramites,baja,486.3296247466835,1.48210391383712
social_recreacion,todas,998.048087694958,1.48210391383712
compras_tramites,alta,618.7976504694911,1.48210391383712
social_recreacion,todas,1569.1032470809562,1.48210391383712
compras_tramites,media,675.6902901211934,1.48210391383712
social_recreacion,todas,390.4193458641618,1.48210391383712
compras_tramites,baja,1015.1684863430614,1.48210391383712
compras_tramites,media,722.8845814955956,1.48210391383712
compras_tramites,baja,1240.408104466026,1.48210391383712
compras_tramites,alta,306.1693659791301,1.48210391383712
compras_tramites,media,317.411109603933,1.48210391383712
compras_tramites,alta,264.82745156339536,1.48210391383712
compras_tramites,alta,221.383751944446,1.48210391383712
compras_tramites,baja,141.5773998781232,1.48210391383712
compras_tramites,baja,1424.0019287782102,1.48210391383712
compras_tramites,baja,1790.6588481203119,1.48210391383712
compras_tramites,alta,597.9621676212049,1.48210391383712
compras_tramites,alta,421.88416656708034,1.48210391383712
compras_tramites,alta,351.031070562137,1.48210391383712
compras_tramites,baja,532.5795751868917,1.48210391383712
compras_tramites,alta,865.0246615207352,1.48210391383712
compras_tramites,baja,118.67557289334019,1.48210391383712
social_recreacion,todas,911.5765966727988,1.48210391383712
compras_tramites,baja,371.39109797658045,1.48210391383712
